date_logged,status,technology,company,parent_hq,destination_country,destination_city,year_announced,capital_usd_m,source,notes
2026-08-26,accepted,Wind,GE Vernova,United States,India,Pune (Maharashtra),2026,,https://www.gevernova.com/news/press-releases/ge-vernova-deepens-india-commitment-38mw-workhorse-turbine-launch-powerica-order-allm-certification-pune-manufacturing,"Onshore-wind manufacturing build-out scaling to ~1,500 MW/yr annual capacity for the 3.8 MW-154m workhorse platform (Make in India). Cross-border FDI: US parent -> India. Distinct from LM Wind Power blade plants at Vadodara (2015) and Dabaspet (2005) already in FDI_All_ToSource.xlsx. Capital not disclosed; source is MW capacity not capex. Flagged via cross-check of gevernova.com/research/renewables against the dataset. Accepted 2026-09-15; added to main dataset (FDI_All_ToSource.xlsx) as SS_New_GEV_IN1."
2026-09-15,pending,EV,Geely,China,Spain,Almussafes (Valencia),2026,251,https://www.geely.com/en/news/2026/geely-ford-joint-venture-spain-valencia-plant,"EV assembly. Ford-Geely JV (Ford 66% / Geely 34%) to build EVs at Ford's Almussafes plant; announced Jul 2026 (project status: Announced). Add'l sources: automotivelogistics.media, bloomberg.com. Flagged via cross-check of The Economist 07 Sep 2026 'Chinese carmakers are bringing their factories to the world' against China_FDI_EV.xlsx."
2026-09-15,pending,EV,SAIC Motor (MG),China,Spain,Ferrol (Galicia),2026,232,https://www.just-auto.com/news/saic-motor-first-eu-plant-spain/,EV assembly. SAIC/MG first EU plant; US$232m; announced Jun 2026 (Announced). Add'l source: caixinglobal.com. Flagged via cross-check of The Economist 07 Sep 2026 'Chinese carmakers are bringing their factories to the world' against China_FDI_EV.xlsx.
2026-09-15,pending,EV,Geely,China,Egypt,Giza (6th of October City),2025,100,https://www.geely.com/en/news/2025/geely-auto-egypt-ckd-plant,"EV/NEV CKD assembly via JV with Auto Mobility; opened 2025 (Operational). Add'l sources: agbi.com, egypttoday.com. Flagged via cross-check of The Economist 07 Sep 2026 'Chinese carmakers are bringing their factories to the world' against China_FDI_EV.xlsx."
2026-09-15,pending,EV,Chang'an,China,Egypt,Cairo,2025,,https://www.zawya.com/en/economy/north-africa/gb-auto-launches-1st-locally-assembled-changan-cs55-in-egypt-i1z3mj7c,"EV/NEV assembly via GB Auto / Seoudi Investment Group; includes Avatr (EV brand); under construction. Capex not disclosed. Add'l sources: just-auto.com (Avatr), changan.com.eg. Flagged via cross-check of The Economist 07 Sep 2026 'Chinese carmakers are bringing their factories to the world' against China_FDI_EV.xlsx."
2026-09-15,pending,EV,Greatwall Motor (GWM),China,Pakistan,Lahore,2021,,https://www.gwm-global.com/news/3402402.html,"EV/NEV (Haval; incl. Tank 500 PHEV) local assembly via Sazgar Engineering Works; operational since 2022. Capex not disclosed. Add'l sources: gasgoo.com, marketscreener.com. Flagged via cross-check of The Economist 07 Sep 2026 'Chinese carmakers are bringing their factories to the world' against China_FDI_EV.xlsx."
2026-09-15,pending,EV,Geely,China,Indonesia,Purwakarta (West Java),2025,,https://global.geely.com/en/news/2025/geely-auto-launch-indonesia,"EV/NEV CKD assembly (Starray) via PT Handal Indonesia Motor; trial production 2025 (Operational). Capex not disclosed. Add'l sources: cnevpost.com, just-auto.com. Flagged via cross-check of The Economist 07 Sep 2026 'Chinese carmakers are bringing their factories to the world' against China_FDI_EV.xlsx."
2026-09-15,pending,EV,Chery,China,South Africa,"Rosslyn (near Pretoria, Gauteng)",2026,,https://www.citizen.co.za/motoring/chery-commits-rosslyn-assembly-plant/,"EV assembly at former Nissan Rosslyn site; under construction, targeted 2026. Capex not disclosed. Add'l sources: sundayworld.co.za, iol.co.za. Flagged via cross-check of The Economist 07 Sep 2026 'Chinese carmakers are bringing their factories to the world' against China_FDI_EV.xlsx."
2026-09-15,pending,EV,Chery,China,United Kingdom,Sunderland,2026,,https://cnevpost.com/2026/06/04/chery-nissan-uk-manufacturing-deal/,"Contract manufacturing at Nissan's Sunderland plant - NON-BINDING MoU (03 Jun 2026); Nissan retains ownership & staff, would build Chery Intl UK vehicles on idle Line One from ~FY2027; no Chery capex; BEV vs ICE/hybrid scope unconfirmed. Add'l sources: electrive.com, carnewschina.com. Named in The Economist 07 Sep 2026."
